{"Dallas, TX":-0.0036504684320110004,"Houston, TX":-0.0023237254243371197,"San Antonio, TX":-0.0016180834104192465,"Austin, TX":-0.007022481207408671,"McAllen, TX":-0.0011340906636749803,"El Paso, TX":0.002044696320049111,"Killeen, TX":-0.0008614754366289556,"Corpus Christi, TX":0.00044724227631687263,"Brownsville, TX":0.0026117735633339745,"Beaumont, TX":0.0015727703840184848,"Lubbock, TX":0.0017044532661314449,"Longview, TX":0.0012074148022562792,"Waco, TX":-0.0005425184343808009,"Amarillo, TX":0.0009736521538905585,"Laredo, TX":0.0006526435524130125,"College Station, TX":0.0019161832490934838,"Tyler, TX":0.0015681988538582825,"Abilene, TX":0.0076158955492575675,"Midland, TX":0.0012565694804815841,"Odessa, TX":0.0027133067000280064,"Wichita Falls, TX":0.0006765356345348472,"Texarkana, TX":0.0026205270594739094,"Sherman, TX":-0.0035518039213844332,"San Angelo, TX":-0.017269462773113475,"Victoria, TX":0.004372443625336508,"Lufkin, TX":-0.004308872190281754,"Athens, TX":-0.0013197881061315364,"Huntsville, TX":-0.000912569467737212,"Rio Grande City, TX":0.011480596983500124,"Nacogdoches, TX":0.00557620438456885,"Palestine, TX":0.007022688168462299,"Eagle Pass, TX":-0.00011350658955833204,"Kerrville, TX":-0.0037582181559356886,"Corsicana, TX":0.0028396588108137166,"Jacksonville, TX":0.001719566661959826,"Paris, TX":0.005337831802369575,"Alice, TX":-0.0076594310088570206,"Del Rio, TX":-0.0002658610658474725,"Mount Pleasant, TX":0.00033317042622238446,"Stephenville, TX":0.002839707508791145,"El Campo, TX":0.0023193648916608467,"Gainesville, TX":0.00022209514732773883,"Brownwood, TX":0.002108185289119824,"Sulphur Springs, TX":0.0017087339540104995,"Bay City, TX":0.0015266205893869067,"Brenham, TX":-0.002243091123605323,"Big Spring, TX":0.001221644399612476,"Plainview, TX":-0.006479926436839367,"Beeville, TX":0.006047574288138069,"Kingsville, TX":-0.002209726218825092,"Mineral Wells, TX":0.0030628771599623406,"Fredericksburg, TX":-0.003533055342322955,"Uvalde, TX":-0.0014593517473238116,"Pampa, TX":0.00012711744718330031,"Levelland, TX":0.0005326771656624096,"Dumas, TX":0.0019197793840384225,"Borger, TX":-0.00032719514959533846,"Raymondville, TX":-0.006357703768343104,"Port Lavaca, TX":-0.00041266351045932126,"Hereford, TX":-0.001251527205992864,"Andrews, TX":0.007526435501645556,"Snyder, TX":0.006582327419004885,"Sweetwater, TX":-0.006354413033602735,"Pecos, TX":0.00035563294879059626,"Zapata, TX":-0.0032555881753503213,"Vernon, TX":0.004637420279661519,"Lamesa, TX":-0.005478191020821477}