{"Dallas, TX":0.21234833787198326,"Houston, TX":0.20444907902617238,"San Antonio, TX":0.13504995425550925,"Austin, TX":0.02083596604232718,"McAllen, TX":0.3523937213573731,"El Paso, TX":0.39515699454759656,"Killeen, TX":0.2622124864757325,"Corpus Christi, TX":0.09329920476981424,"Brownsville, TX":0.37449495729298343,"Beaumont, TX":0.04587161175894661,"Lubbock, TX":0.1957962696907547,"Longview, TX":0.2805887119502819,"Waco, TX":0.2741108969712074,"Amarillo, TX":0.3055431298354383,"Laredo, TX":0.1464309325629376,"College Station, TX":0.2477487154405249,"Tyler, TX":0.31985940052546025,"Abilene, TX":0.27135514742356825,"Midland, TX":0.1492235052089581,"Odessa, TX":0.1346956962421284,"Wichita Falls, TX":0.28905841339453264,"Texarkana, TX":0.1030313666511995,"Sherman, TX":0.22161890101366288,"San Angelo, TX":0.20866903379427315,"Victoria, TX":0.18181233117180917,"Lufkin, TX":0.16435645463351012,"Athens, TX":0.17696832562430487,"Huntsville, TX":0.1481935418384519,"Rio Grande City, TX":-0.15105744824849554,"Nacogdoches, TX":0.26371669300127554,"Palestine, TX":0.2843651647726644,"Eagle Pass, TX":0.3040357757663108,"Kerrville, TX":0.16401709171246082,"Corsicana, TX":0.33806014635748016,"Jacksonville, TX":0.1995007503607753,"Paris, TX":0.2691477310610497,"Alice, TX":-0.22504642730097568,"Del Rio, TX":0.17479317400520733,"Mount Pleasant, TX":0.16994264440492568,"Stephenville, TX":0.4035470613662113,"El Campo, TX":0.0813373967884039,"Gainesville, TX":0.26629619042607366,"Brownwood, TX":0.19013550315644934,"Sulphur Springs, TX":0.08095672281203337,"Bay City, TX":0.16330035744568372,"Brenham, TX":0.19664419266014344,"Big Spring, TX":-0.16146664349110884,"Plainview, TX":-0.017713660910608664,"Beeville, TX":-0.11261694526444843,"Kingsville, TX":0.0634539853868008,"Mineral Wells, TX":0.22264792214273754,"Fredericksburg, TX":0.1846448531438465,"Uvalde, TX":0.0518434374905854,"Pampa, TX":0.05731522029662428,"Levelland, TX":0.06452573706233822,"Dumas, TX":0.1733842526489029,"Borger, TX":0.08200501816615269,"Raymondville, TX":-0.20011425497116508,"Port Lavaca, TX":0.09086748699655445,"Hereford, TX":0.16918489794750013,"Andrews, TX":0.14931571415844003,"Snyder, TX":0.07661804281887163,"Sweetwater, TX":-0.164981419215798,"Pecos, TX":-0.3753939387017088,"Zapata, TX":-0.22852982950660272,"Vernon, TX":-0.09855688312166122,"Lamesa, TX":-0.11350201204395838}