{"Dallas, TX":0.6433809906505273,"Houston, TX":0.6859368183546741,"San Antonio, TX":0.6547799101556349,"Austin, TX":0.728946820671926,"McAllen, TX":0.6622583030791986,"El Paso, TX":0.45878662461760156,"Killeen, TX":0.5350152905198777,"Corpus Christi, TX":0.682130592290139,"Brownsville, TX":0.7705840779443687,"Beaumont, TX":0.558843628847048,"Lubbock, TX":0.6240919326904232,"Longview, TX":0.6552080038283411,"Waco, TX":0.7021815375982042,"Amarillo, TX":0.5714366998141887,"Laredo, TX":0.5901024766723496,"College Station, TX":0.7235508528000246,"Tyler, TX":0.7137624280481423,"Abilene, TX":0.4956462941059809,"Midland, TX":0.5817154682999134,"Odessa, TX":0.34429423943490445,"Wichita Falls, TX":0.6160227133824493,"Sherman, TX":0.7308831908831909,"San Angelo, TX":0.6438744588744588,"Victoria, TX":0.6601246630727763,"Athens, TX":0.7377252252252252,"Huntsville, TX":0.8554112554112554,"Corsicana, TX":0.6636363636363637,"Jacksonville, TX":0.8807883085322414,"Paris, TX":0.7971279927801667,"Stephenville, TX":0.7333333333333334,"Gainesville, TX":0.8058915404453163,"Brownwood, TX":0.7087813620071683,"Bay City, TX":0.8106951871657754,"Brenham, TX":0.8710622710622711,"Mineral Wells, TX":0.8102240896358545,"Granbury, TX":0.6934537684537685,"Bonham, TX":0.74400871459695,"Rockport, TX":0.9012345679012346}