{"Dallas, TX":1660.1623766201476,"Houston, TX":1619.2174033384424,"San Antonio, TX":1397.5904115985188,"Austin, TX":1603.6026487146676,"McAllen, TX":1123.4560462034672,"El Paso, TX":1471.1924953857513,"Killeen, TX":1312.024776772638,"Corpus Christi, TX":1406.8631214665777,"Brownsville, TX":1462.7928036016274,"Beaumont, TX":1308.3375591897247,"Lubbock, TX":1401.7479980236706,"Longview, TX":1217.0189374895256,"Waco, TX":1401.3333333333333,"Amarillo, TX":1297.1698924731184,"Laredo, TX":1361.3795093795095,"College Station, TX":1515.1129001370748,"Tyler, TX":1364.8059134951554,"Abilene, TX":1737.6441372247825,"Midland, TX":1587.7852953074434,"Odessa, TX":1612.2772486772485,"Wichita Falls, TX":1268.508497133497,"Texarkana, TX":1101.9126984126985,"Sherman, TX":1426.904852979443,"San Angelo, TX":1273.9348370927319,"Victoria, TX":1156.2175925925926,"Lufkin, TX":1260.4166666666667,"Athens, TX":1344.2807692307692,"Huntsville, TX":1345.1525252525253,"Nacogdoches, TX":1151.521164021164,"Eagle Pass, TX":1256.5277777777776,"Kerrville, TX":1695.936507936508,"Corsicana, TX":1249.8333333333333,"Del Rio, TX":1608.3333333333333,"Mount Pleasant, TX":1478.3055555555557,"Stephenville, TX":1426.580808080808,"El Campo, TX":1331.9444444444443,"Gainesville, TX":1657.8333333333333,"Brownwood, TX":1450,"Sulphur Springs, TX":1368.75,"Bay City, TX":974.888888888889,"Brenham, TX":1617.3333333333333,"Big Spring, TX":1287.5,"Kingsville, TX":1315.5277777777776,"Fredericksburg, TX":2141.6666666666665,"Levelland, TX":1000,"Granbury, TX":1678.5043094160744,"Bonham, TX":1382.5,"Rockport, TX":1296.9444444444443}