{"Dallas, TX":0.02290833318281924,"Houston, TX":0.027443518966189042,"San Antonio, TX":0.024260178601658012,"Austin, TX":0.026558155973588553,"McAllen, TX":0.030395221838963746,"El Paso, TX":0.023334117750727124,"Killeen, TX":0.02476455499711314,"Corpus Christi, TX":0.030956393466177057,"Brownsville, TX":0.03152025163424657,"Beaumont, TX":0.03722714342803191,"Lubbock, TX":0.02486898389947247,"Longview, TX":0.02609802476649759,"Waco, TX":0.027874874365330492,"Amarillo, TX":0.02636731809478149,"Laredo, TX":0.025921546968021295,"College Station, TX":0.024164134044682904,"Tyler, TX":0.02474622968742371,"Abilene, TX":0.03753330790220162,"Midland, TX":0.02366764752523133,"Odessa, TX":0.025620843044923406,"Wichita Falls, TX":0.02998602664215512,"Texarkana, TX":0.03775043645336532,"Sherman, TX":0.03047333665291412,"San Angelo, TX":0.02643635186242016,"Victoria, TX":0.024875108146043434,"Lufkin, TX":0.03350185351605474,"Athens, TX":0.03156209274105123,"Huntsville, TX":0.03516064807320605,"Nacogdoches, TX":0.03337059970295988,"Palestine, TX":0.03893967205737853,"Eagle Pass, TX":0.031614912531808044,"Kerrville, TX":0.03324647134023129,"Corsicana, TX":0.04680179042245174,"Jacksonville, TX":0.03311150095966147,"Paris, TX":0.03600047405928019,"Alice, TX":0.05114362874779541,"Del Rio, TX":0.031010031599952387,"Mount Pleasant, TX":0.03516831304490757,"Stephenville, TX":0.03443053582406586,"El Campo, TX":0.05123516580318499,"Gainesville, TX":0.028283861502921642,"Brownwood, TX":0.034001199341589294,"Sulphur Springs, TX":0.03482170741627813,"Bay City, TX":0.04588305747159688,"Brenham, TX":0.03707922736645063,"Big Spring, TX":0.05547059506487446,"Plainview, TX":0.04276333273290678,"Beeville, TX":0.04726070185417717,"Mineral Wells, TX":0.03643839047759998,"Fredericksburg, TX":0.04651524216981474,"Uvalde, TX":0.03520088691796009,"Pampa, TX":0.027964048503201267,"Levelland, TX":0.036996609290447215,"Borger, TX":0.042105508870214754,"Port Lavaca, TX":0.03970840317016028,"Andrews, TX":0.036234369996696596,"Granbury, TX":0.02254563345804886,"Bonham, TX":0.030489705431427993,"Rockport, TX":0.033215171653840914}