{"Dallas, TX":0.005559288192673373,"Houston, TX":0.0027584648264193934,"San Antonio, TX":0.0016259413897956598,"Austin, TX":0.0052415510534022935,"McAllen, TX":0.001836754933378426,"El Paso, TX":0.0028820595298992835,"Killeen, TX":-0.00243767852900878,"Corpus Christi, TX":0.009063974636401184,"Brownsville, TX":0.030876584277381713,"Beaumont, TX":0.005500213651316033,"Lubbock, TX":0.0026915555362878596,"Longview, TX":0.008712123666010152,"Waco, TX":-0.001322796193683029,"Amarillo, TX":0.009191542794036556,"Laredo, TX":0.0012665820604373934,"College Station, TX":-0.004525792557527275,"Tyler, TX":0.004135689595116121,"Abilene, TX":0.04835404063040838,"Midland, TX":-0.008654063286770652,"Odessa, TX":0.002440862375952202,"Wichita Falls, TX":0.013022547140077556,"Texarkana, TX":0.008792786790746021,"Sherman, TX":-0.013534345098367262,"San Angelo, TX":0.0007548365606515617,"Victoria, TX":-0.00006435813214289432,"Lufkin, TX":-0.007409193104023104,"Athens, TX":0.02784168765887407,"Huntsville, TX":-0.005119037792302716,"Nacogdoches, TX":0.004786484754283782,"Eagle Pass, TX":0.06812930706598563,"Kerrville, TX":0.005277666807554482,"Corsicana, TX":0.00986216169186438,"Del Rio, TX":0.006663669727464239,"Mount Pleasant, TX":-0.004890254114544357,"Stephenville, TX":0.0038357212593038703,"El Campo, TX":0.04268397818542624,"Gainesville, TX":0.021712297165625394,"Sulphur Springs, TX":-0.0031753497809632325,"Bay City, TX":0.0032103744182219174,"Brenham, TX":0.0015125091487857567,"Big Spring, TX":-0.038498240606007594,"Kingsville, TX":0.004049862613719979,"Fredericksburg, TX":0.02808845917884839,"Granbury, TX":-0.0022144173831420977,"Bonham, TX":0.005908419351998262,"Rockport, TX":-0.014818450295164709}