{"Dallas, TX":-0.035065665373668065,"Houston, TX":-0.02012522284238316,"San Antonio, TX":-0.02100687957172942,"Austin, TX":-0.06007720374223424,"McAllen, TX":0.005167529261950632,"El Paso, TX":0.015324846981480622,"Killeen, TX":-0.009620932341791066,"Corpus Christi, TX":-0.0047936709412474965,"Brownsville, TX":0.015275194878122678,"Beaumont, TX":0.02145887806854807,"Lubbock, TX":0.013287113823095442,"Longview, TX":0.0028845867544327053,"Waco, TX":-0.008629673515227254,"Amarillo, TX":0.026062417418683648,"Laredo, TX":0.026946004793203304,"College Station, TX":0.008851194885377778,"Tyler, TX":-0.01125741347059983,"Abilene, TX":0.0546641840551263,"Midland, TX":0.0225811337768258,"Odessa, TX":0.05794497423595235,"Wichita Falls, TX":-0.001988089337200294,"Texarkana, TX":0.0015761947324135495,"Sherman, TX":-0.04872751859563551,"San Angelo, TX":0.016940080382004785,"Victoria, TX":-0.006467444246467169,"Lufkin, TX":-0.004107712871833091,"Athens, TX":-0.02524280467487172,"Huntsville, TX":0.007513692649351533,"Rio Grande City, TX":-0.015069440997956485,"Nacogdoches, TX":0.028731856931269117,"Palestine, TX":-0.007145492807491771,"Eagle Pass, TX":0.006711495269468459,"Kerrville, TX":-0.0354582378891688,"Corsicana, TX":0.01057443603842012,"Jacksonville, TX":-0.0501856962039805,"Paris, TX":0.04477407586749682,"Alice, TX":-0.04929365276714137,"Del Rio, TX":-0.04230262022233655,"Mount Pleasant, TX":-0.03948525628406441,"Stephenville, TX":-0.0020489020994252094,"El Campo, TX":0.004225357702079435,"Gainesville, TX":-0.011035350460180338,"Brownwood, TX":-0.019604686351386125,"Sulphur Springs, TX":-0.029658901356388045,"Bay City, TX":0.030382940295428096,"Brenham, TX":0.00560568901239078,"Big Spring, TX":0.05455737148300388,"Plainview, TX":-0.016682195069075867,"Beeville, TX":-0.030860700435433097,"Kingsville, TX":0.04347236864478621,"Mineral Wells, TX":0.0020620920345761906,"Fredericksburg, TX":-0.05405302243350352,"Uvalde, TX":-0.04016376555106704,"Pampa, TX":-0.04216055336835345,"Levelland, TX":0.02829104264009752,"Dumas, TX":0.07976921188210362,"Borger, TX":0.001494639908317108,"Raymondville, TX":-0.005307367566760646,"Port Lavaca, TX":-0.005733854488742307,"Hereford, TX":-0.011823220355946518,"Andrews, TX":0.07607832625566902,"Snyder, TX":0.022734712266336388,"Sweetwater, TX":0.012395697344815604,"Pecos, TX":-0.028767302981804965,"Zapata, TX":-0.04632215752973523,"Vernon, TX":-0.01086537711461144,"Lamesa, TX":0.07695896978639882}