{"Dallas, TX":0.20384613704400478,"Houston, TX":0.1841264107378413,"San Antonio, TX":0.12363642213517911,"Austin, TX":0.09686959983720911,"McAllen, TX":0.18786907922896456,"El Paso, TX":0.33790136356530365,"Killeen, TX":0.22725321141116583,"Corpus Christi, TX":0.14641319700510524,"Brownsville, TX":0.3938023272263207,"Beaumont, TX":0.2584542366266296,"Lubbock, TX":0.16735524297835158,"Longview, TX":0.3142020044370524,"Waco, TX":0.29380209830487924,"Amarillo, TX":0.2939670331420956,"Laredo, TX":0.30453346131716175,"College Station, TX":0.2995648037773624,"Tyler, TX":0.23771472750746048,"Abilene, TX":0.8044466644353654,"Midland, TX":0.36811662292804415,"Odessa, TX":0.32807879736336476,"Wichita Falls, TX":0.38804844743604683,"Sherman, TX":0.1893383689710353,"San Angelo, TX":0.1972103882350611,"Granbury, TX":0.21198947507939359}