{"Dallas, TX":366742.53592096904,"Houston, TX":308211.0506665437,"San Antonio, TX":280169.52033674624,"Austin, TX":430489.97196000273,"McAllen, TX":192807.8748212969,"El Paso, TX":231421.55184532507,"Killeen, TX":252395.45126414346,"Corpus Christi, TX":225583.35515044324,"Brownsville, TX":206458.99710740824,"Beaumont, TX":183325.33792622396,"Lubbock, TX":211490.35532458467,"Longview, TX":218846.58909592417,"Waco, TX":254179.92656765753,"Amarillo, TX":218260.80509896355,"Laredo, TX":217699.00362066054,"College Station, TX":309017.2517654555,"Tyler, TX":271594.8082430101,"Abilene, TX":213394.44845717077,"Midland, TX":329612.28821215685,"Odessa, TX":255553.1862742291,"Wichita Falls, TX":176386.13121625697,"Texarkana, TX":180623.71782132203,"Sherman, TX":291559.14711889083,"San Angelo, TX":237067.25490971518,"Victoria, TX":222041.22151675724,"Lufkin, TX":197809.34864030473,"Athens, TX":268916.91718103597,"Huntsville, TX":273590.2008991995,"Rio Grande City, TX":143599.085755985,"Nacogdoches, TX":216667.0106653536,"Palestine, TX":217394.81642266762,"Eagle Pass, TX":226932.2390914413,"Kerrville, TX":369736.89525332645,"Corsicana, TX":230738.97332461123,"Jacksonville, TX":230669.58304526997,"Paris, TX":202754.17917492232,"Alice, TX":125928.59330266091,"Del Rio, TX":210274.03240543653,"Mount Pleasant, TX":223083.40362725302,"Stephenville, TX":340019.34183735907,"El Campo, TX":245536.99696862875,"Gainesville, TX":319648.78336400754,"Brownwood, TX":185440.8671482283,"Sulphur Springs, TX":265280.4093275711,"Bay City, TX":205345.14743192572,"Brenham, TX":369851.7824039291,"Big Spring, TX":148219.54550653193,"Plainview, TX":121053.21449686727,"Beeville, TX":164657.75515200055,"Kingsville, TX":153371.7076230784,"Mineral Wells, TX":283211.28557024105,"Fredericksburg, TX":501403.1190527263,"Uvalde, TX":194902.4602084842,"Pampa, TX":102063.60895811702,"Levelland, TX":167034.88545697005,"Dumas, TX":188141.3266674344,"Borger, TX":123789.86046350423,"Raymondville, TX":184045.860637149,"Port Lavaca, TX":204006.06787548293,"Hereford, TX":177490.93096593278,"Andrews, TX":263662.30521092284,"Snyder, TX":147749.0099310088,"Sweetwater, TX":115736.52368107194,"Pecos, TX":169406.05064607112,"Zapata, TX":125226.74625398176,"Vernon, TX":103952.12410955137,"Lamesa, TX":113963.41657487316}