{"Dallas, TX":0.2732210942021655,"Houston, TX":0.24809499585109818,"San Antonio, TX":0.2628789323456315,"Austin, TX":0.23867600118674548,"McAllen, TX":0.18418190042392754,"El Paso, TX":0.1456248321314131,"Killeen, TX":0.2364972347652003,"Corpus Christi, TX":0.21677160191785225,"Brownsville, TX":0.1567850038696416,"Beaumont, TX":0.20719286416421737,"Lubbock, TX":0.23297244639012843,"Longview, TX":0.2283877988548335,"Waco, TX":0.25301907115736905,"Amarillo, TX":0.2044042053656756,"Laredo, TX":0.17435323322287158,"College Station, TX":0.1984010127938339,"Tyler, TX":0.24133642734422298,"Abilene, TX":0.14598790382032725,"Midland, TX":0.30787230964331863,"Odessa, TX":0.270635768241005,"Wichita Falls, TX":0.19037751666691305,"Texarkana, TX":0.18502723097885224,"Sherman, TX":0.25700403214655765,"San Angelo, TX":0.20281670825149087,"Victoria, TX":0.2282938221783242,"Lufkin, TX":0.2037882506954672,"Athens, TX":0.23169199728328274,"Huntsville, TX":0.1961214620304667,"Rio Grande City, TX":0.09658838443242113,"Nacogdoches, TX":0.15689543432628655,"Palestine, TX":0.18329262417717354,"Eagle Pass, TX":0.11378995823718728,"Kerrville, TX":0.16236360373751113,"Corsicana, TX":0.2231196064161389,"Jacksonville, TX":0.20182890995777303,"Paris, TX":0.2044068779613087,"Alice, TX":0.12578884540047539,"Del Rio, TX":0.16773161431591666,"Mount Pleasant, TX":0.19162215885516856,"Stephenville, TX":0.17938641240398714,"El Campo, TX":0.17746324691443682,"Gainesville, TX":0.22449553240849296,"Brownwood, TX":0.21050991776763733,"Sulphur Springs, TX":0.2572449834681556,"Bay City, TX":0.18853738596027536,"Brenham, TX":0.24882599043715847,"Big Spring, TX":0.2211614198769195,"Plainview, TX":0.1695244361672422,"Beeville, TX":0.1535773702256204,"Kingsville, TX":0.16177195515887516,"Mineral Wells, TX":0.19495691910365018,"Fredericksburg, TX":0.13584029377354295,"Uvalde, TX":0.1491611339000014,"Pampa, TX":0.1400813948767913,"Levelland, TX":0.12427650586123895,"Dumas, TX":0.15449633552666775,"Borger, TX":0.21644769077216225,"Raymondville, TX":0.15009746588693956,"Port Lavaca, TX":0.13571927288826974,"Hereford, TX":0.12986311933680356,"Andrews, TX":0.3019070619586942,"Snyder, TX":0.1773063973063973,"Sweetwater, TX":0.18255807862549436,"Pecos, TX":0.13706509539842873,"Zapata, TX":0.05673758865248227,"Vernon, TX":0.1728669846316905,"Lamesa, TX":0.1888325825825826,"Granbury, TX":0.2580732983765897,"Bonham, TX":0.23081283918781229,"Rockport, TX":0.19650687160134378,"Pearsall, TX":0.16396703608979823}