{"Dallas, TX":0.15990792097616882,"Houston, TX":0.12333363546712657,"San Antonio, TX":0.13576157480949816,"Austin, TX":0.10974793981971608,"McAllen, TX":0.13353771682129892,"El Paso, TX":0.2180816177078535,"Killeen, TX":0.14515200575643103,"Corpus Christi, TX":0.13097489859900732,"Brownsville, TX":0.07035438437074058,"Beaumont, TX":0.193445202218317,"Lubbock, TX":0.10728467108517427,"Longview, TX":0.13501391017998068,"Waco, TX":0.13583052749719415,"Amarillo, TX":0.17833998689476274,"Laredo, TX":0.09575794240041063,"College Station, TX":0.10093076713833993,"Tyler, TX":0.11656200941915228,"Abilene, TX":0.20845058474469613,"Midland, TX":0.10273952352985828,"Odessa, TX":0.16343928875898187,"Wichita Falls, TX":0.1885410763298552,"Sherman, TX":0.11441595441595442,"San Angelo, TX":0.15004329004329006,"Victoria, TX":0.16983939802336026,"Athens, TX":0.11171171171171172,"Huntsville, TX":0.023434343434343436,"Corsicana, TX":0.10974025974025974,"Jacksonville, TX":0.047904390958420716,"Paris, TX":0.09125656951743909,"Stephenville, TX":0.09365079365079365,"Gainesville, TX":0.015873015873015872,"Brownwood, TX":0.10545030437503555,"Bay City, TX":0.09839572192513368,"Brenham, TX":0,"Mineral Wells, TX":0.029411764705882356,"Granbury, TX":0.11117909867909868,"Bonham, TX":0.0849673202614379,"Rockport, TX":0.018518518518518517}