{"Dallas, TX":-0.001607402638088118,"Houston, TX":-0.009179275385204466,"San Antonio, TX":-0.01702176904286734,"Austin, TX":-0.02182980751324748,"McAllen, TX":0.007388063522714816,"El Paso, TX":0.020626330210921306,"Killeen, TX":-0.007461311904930046,"Corpus Christi, TX":-0.007881203627124633,"Brownsville, TX":0.07384169492467141,"Beaumont, TX":0.05023038569309657,"Lubbock, TX":0.017485938217590924,"Longview, TX":0.03373241226069412,"Waco, TX":0.013132577950046187,"Amarillo, TX":0.04378252946985062,"Laredo, TX":-0.02776513257809521,"College Station, TX":0.026687166364607107,"Tyler, TX":0.004113787713014183,"Abilene, TX":0.4160141090913778,"Midland, TX":-0.006442011803518777,"Odessa, TX":-0.004016984287212089,"Wichita Falls, TX":0.05922401058682514,"Texarkana, TX":0.03579842846900516,"Sherman, TX":-0.02395906073729981,"San Angelo, TX":0.05426602251612089,"Victoria, TX":0.01838216648970481,"Lufkin, TX":0.023680280773717755,"Athens, TX":0.013130634066284008,"Huntsville, TX":0.011470717603544678,"Nacogdoches, TX":0.0063256355488916505,"Kerrville, TX":0.03420068671605381,"Corsicana, TX":-0.0023309308678204355,"Del Rio, TX":0.026957122628787022,"Stephenville, TX":0.012079174486119282,"Gainesville, TX":0.029402953946028765,"Bay City, TX":0.08257867273216557,"Kingsville, TX":0.0651321558925948,"Granbury, TX":0.03030417332635582,"Rockport, TX":-0.034578552532650964}