{"Dallas, TX":0.9833694183135261,"Houston, TX":0.977934571450878,"San Antonio, TX":0.980434785364167,"Austin, TX":0.9763907802583286,"McAllen, TX":0.973297590257323,"El Paso, TX":1,"Killeen, TX":0.9926135308655136,"Corpus Christi, TX":0.9751815301621884,"Brownsville, TX":0.9708180478001754,"Beaumont, TX":0.9851606198513516,"Lubbock, TX":0.9826234081870991,"Longview, TX":0.9742985828235852,"Waco, TX":0.97448563620158,"Amarillo, TX":0.9893205859221602,"Laredo, TX":0.9861784097822573,"College Station, TX":0.9777281999405965,"Tyler, TX":0.975465934909146,"Abilene, TX":0.9936756551572837,"Midland, TX":0.9867494282603563,"Odessa, TX":1,"Wichita Falls, TX":0.9814436393903421,"Sherman, TX":0.9732393104604058,"San Angelo, TX":0.974907199453039,"Victoria, TX":0.97924259107096,"Athens, TX":0.9604857235014665,"Huntsville, TX":0.961189922934034,"Corsicana, TX":0.9730367205864422,"Jacksonville, TX":0.9493121494555895,"Paris, TX":0.945782723285388,"Stephenville, TX":0.9694018077360376,"Gainesville, TX":0.967427725564353,"Brownwood, TX":0.9658169905392358,"Bay City, TX":0.9563619469473643,"Brenham, TX":0.9367752732896077,"Mineral Wells, TX":0.9371263419398487,"Granbury, TX":0.9726775968048745,"Bonham, TX":0.9548756089900005,"Rockport, TX":0.950962082352139}