{"Seattle, WA":0.264977197376022,"Spokane, WA":0.246532221130066,"Kennewick, WA":0.2942741552992558,"Olympia, WA":0.25013502596962445,"Bremerton, WA":0.2442266193249314,"Bellingham, WA":0.31337671101580944,"Mount Vernon, WA":0.3186655083630816,"Wenatchee, WA":0.24777490437324845,"Moses Lake, WA":0.2906057504250379,"Oak Harbor, WA":0.3851853330923898}