{"Seattle, WA":0.9972370238800079,"Spokane, WA":0.9969969969969971,"Kennewick, WA":0.9985738095238096,"Olympia, WA":1,"Bremerton, WA":1,"Yakima, WA":0.9975329922387298,"Bellingham, WA":0.9913918897155062,"Mount Vernon, WA":0.9954745047669769,"Wenatchee, WA":0.9899656857595415,"Longview, WA":1,"Moses Lake, WA":0.9935126330251168,"Oak Harbor, WA":0.9980257948678153,"Centralia, WA":0.9911733999140212,"Port Angeles, WA":0.9788205690294666,"Aberdeen, WA":0.9784595367118709,"Shelton, WA":0.9913831106617842,"Walla Walla, WA":0.985546387754793,"Pullman, WA":0.9851644023466597,"Ellensburg, WA":0.9899853801169591}