{"Seattle, WA":0.014532442812315916,"Spokane, WA":0.015582272984663081,"Kennewick, WA":0.024886724082364253,"Olympia, WA":0.030709600314017482,"Bremerton, WA":0.023653064228223553,"Yakima, WA":0.01659094369120817,"Bellingham, WA":0.01804383653606423,"Mount Vernon, WA":0.06020569052442082,"Wenatchee, WA":0.02060445422464463,"Longview, WA":0.02814526203710055,"Moses Lake, WA":-0.01946449066704814,"Oak Harbor, WA":0.05986757480863991,"Centralia, WA":0.036950826875754794,"Port Angeles, WA":0.017586425822018636,"Aberdeen, WA":0.08003564341306246,"Shelton, WA":0.03921144095891038,"Walla Walla, WA":0.025594240922296452,"Pullman, WA":0.030823131203056242,"Ellensburg, WA":0.009060503223479843}