{"Seattle, WA":0.44922343081762267,"Spokane, WA":0.497487651289569,"Kennewick, WA":0.4924131048800264,"Olympia, WA":0.4147656940760389,"Bremerton, WA":0.37717684977166943,"Yakima, WA":0.4697711114964453,"Bellingham, WA":0.5800207961972669,"Mount Vernon, WA":0.5140921409214093,"Wenatchee, WA":0.5808874458874459,"Longview, WA":0.4286462641301351,"Moses Lake, WA":0.547080979284369,"Oak Harbor, WA":0.5004040404040404,"Centralia, WA":0.5118437118437118,"Port Angeles, WA":0.6648583788411088,"Aberdeen, WA":0.6217439967439967,"Shelton, WA":0.5617748987467864,"Walla Walla, WA":0.649920255183413,"Pullman, WA":0.646537842190016,"Ellensburg, WA":0.5997612958226769}