{"Seattle, WA":755115.7732934506,"Spokane, WA":421900.7217853619,"Kennewick, WA":441609.3872281074,"Olympia, WA":532620.3258191511,"Bremerton, WA":584472.2211055531,"Yakima, WA":353707.66380443535,"Bellingham, WA":616913.7597247545,"Mount Vernon, WA":586243.1489244954,"Wenatchee, WA":521279.9255245333,"Longview, WA":421326.35486945644,"Moses Lake, WA":361122.2219112551,"Oak Harbor, WA":643573.2149591375,"Centralia, WA":435157.9731991401,"Port Angeles, WA":497064.44002616574,"Aberdeen, WA":325184.61776962556,"Shelton, WA":453998.10316102114,"Walla Walla, WA":417799.9529610576,"Pullman, WA":327081.57224998757,"Ellensburg, WA":493240.3450242956,"Othello, WA":312424.32081136474}