{"Seattle, WA":0.23278693158866687,"Spokane, WA":0.22827670885086038,"Kennewick, WA":0.25240805246465625,"Olympia, WA":0.22525133027322722,"Bremerton, WA":0.19049209225683067,"Yakima, WA":0.23297869450120917,"Bellingham, WA":0.19625174057614056,"Mount Vernon, WA":0.20059227323668352,"Wenatchee, WA":0.16902740056476126,"Longview, WA":0.22390481300622386,"Moses Lake, WA":0.20955267301892333,"Oak Harbor, WA":0.2039401226278588,"Centralia, WA":0.21911983426329334,"Port Angeles, WA":0.2382178089266146,"Aberdeen, WA":0.19819077984617095,"Shelton, WA":0.20665084598987477,"Walla Walla, WA":0.21683473169401726,"Pullman, WA":0.17952490705299695,"Ellensburg, WA":0.1807841845686032,"Othello, WA":0.21136162687886825}