{"Seattle, WA":-0.007159917897607837,"Spokane, WA":-0.0034418778235113523,"Kennewick, WA":-0.00046063858223843734,"Olympia, WA":-0.00330843153344873,"Bremerton, WA":-0.002004471167657451,"Yakima, WA":-0.00036227062484894823,"Bellingham, WA":-0.0031958897874441172,"Mount Vernon, WA":-0.002681935501475108,"Wenatchee, WA":-0.0014111706627580878,"Longview, WA":-0.003454594379091902,"Moses Lake, WA":-0.0022421673074549675,"Oak Harbor, WA":-0.0019240890078526807,"Centralia, WA":-0.0005354359568293665,"Port Angeles, WA":-0.0027362897381940643,"Aberdeen, WA":0.00007128788199328717,"Shelton, WA":-0.001845411150645515,"Walla Walla, WA":-0.0000013428059126852077,"Pullman, WA":0.0014874659831507486,"Ellensburg, WA":-0.0026667787568650514,"Othello, WA":-0.0016683889362629767}