{"Seattle, WA":0.02906144758838945,"Spokane, WA":0.024527732290215005,"Kennewick, WA":0.020124180320488582,"Olympia, WA":0.020819942056730194,"Bremerton, WA":0.02317150817827779,"Yakima, WA":0.02593197339878009,"Bellingham, WA":0.027886393573835985,"Mount Vernon, WA":0.027993956550915827,"Wenatchee, WA":0.026326449905666748,"Longview, WA":0.02669323030913533,"Moses Lake, WA":0.02629623140007852,"Oak Harbor, WA":0.030652527838217297,"Centralia, WA":0.023823549321732102,"Port Angeles, WA":0.03201413550797013,"Aberdeen, WA":0.030291005291005296,"Shelton, WA":0.028670929869747935,"Walla Walla, WA":0.029511679267072852,"Pullman, WA":0.033030613281594255,"Ellensburg, WA":0.03547124215928978}