{"Seattle, WA":0.00574475333453961,"Spokane, WA":0.004846300147110405,"Kennewick, WA":0.009049195765153506,"Olympia, WA":0.004616357405247351,"Bremerton, WA":0.011949253692948636,"Yakima, WA":-0.002125271008901586,"Bellingham, WA":0.006725261433055296,"Mount Vernon, WA":0.008191645069749232,"Wenatchee, WA":0.013140457993407573,"Longview, WA":0.00590029506219536,"Moses Lake, WA":-0.008221695175206545,"Oak Harbor, WA":0.01111713737145692,"Centralia, WA":0.010581764446072395,"Port Angeles, WA":-0.005035966520733681,"Aberdeen, WA":0.058546728225966405,"Shelton, WA":0.019424390671635594,"Walla Walla, WA":0.004719350389636112,"Pullman, WA":-0.002437622034106024,"Ellensburg, WA":0.007945571067166535}