{"Seattle, WA":2207.724603059154,"Spokane, WA":1535.6505477662195,"Kennewick, WA":1693.935710629722,"Olympia, WA":2009.0817765567765,"Bremerton, WA":2028.8455164249779,"Yakima, WA":1244.021851851852,"Bellingham, WA":2051.5188935723595,"Mount Vernon, WA":2134.713900134953,"Wenatchee, WA":1820.3883333333333,"Longview, WA":1435.9786324786326,"Moses Lake, WA":1488.3782608695653,"Oak Harbor, WA":2026.7740146563674,"Centralia, WA":1482.6455026455026,"Port Angeles, WA":2135.486111111111,"Aberdeen, WA":1462.1645021645024,"Shelton, WA":1700.8095238095239,"Walla Walla, WA":1518.5988529014846,"Pullman, WA":1293.0978217185113,"Ellensburg, WA":1629.507326007326}