{"Seattle, WA":0.29460515118528635,"Spokane, WA":0.2749732502826234,"Kennewick, WA":0.19962484508206355,"Olympia, WA":0.28580533451223106,"Bremerton, WA":0.34311019093627787,"Yakima, WA":0.20390324258713366,"Bellingham, WA":0.192602495543672,"Mount Vernon, WA":0.2446341463414634,"Wenatchee, WA":0.21052669552669556,"Longview, WA":0.3223876481940998,"Moses Lake, WA":0.21271186440677967,"Oak Harbor, WA":0.21575757575757573,"Centralia, WA":0.2608058608058608,"Port Angeles, WA":0.13005004051815142,"Aberdeen, WA":0.17546805046805047,"Shelton, WA":0.23433483050898007,"Walla Walla, WA":0.12094630515683147,"Pullman, WA":0.11352657004830918,"Ellensburg, WA":0.1528388746803069}