{"Seattle, WA":0.1940112584861433,"Spokane, WA":0.20616754900826528,"Kennewick, WA":0.23825043669036305,"Olympia, WA":0.199694926200656,"Bremerton, WA":0.15562185352049007,"Yakima, WA":0.2052508491715197,"Bellingham, WA":0.2337102444354744,"Mount Vernon, WA":0.23667194775853573,"Wenatchee, WA":0.18468476487274965,"Longview, WA":0.18086602527991946,"Moses Lake, WA":0.27613480753865716,"Oak Harbor, WA":0.18854140889858595,"Centralia, WA":0.27067702274253613,"Port Angeles, WA":0.2718652960121666,"Aberdeen, WA":0.1427456483063212,"Shelton, WA":0.19428631488205927,"Walla Walla, WA":0.26513724248121684,"Pullman, WA":0.2161385068222792,"Ellensburg, WA":0.18429660117920044,"Othello, WA":0.3069287688694078}