{"Seattle, WA":-0.019107236638516212,"Spokane, WA":0.004214961343133039,"Kennewick, WA":-0.000035103255342283646,"Olympia, WA":0.00381139130669772,"Bremerton, WA":0.017522527938899524,"Yakima, WA":0.019519341691550673,"Bellingham, WA":0.006108169960822085,"Mount Vernon, WA":0.013903403639393686,"Wenatchee, WA":0.009796663439752828,"Longview, WA":0.006726067557685678,"Moses Lake, WA":0.01081108985143997,"Oak Harbor, WA":0.007987828512928896,"Centralia, WA":0.023868613722790588,"Port Angeles, WA":-0.000233441722168104,"Aberdeen, WA":-0.008068537971541057,"Shelton, WA":0.0009354612356462511,"Walla Walla, WA":0.012994204722828862,"Pullman, WA":-0.008425517501590485,"Ellensburg, WA":-0.004719232204039803,"Othello, WA":0.0015815161492798158}